{
	"name": "DEST_BLOB_ZIP",
	"properties": {
		"linkedServiceName": {
			"referenceName": "LS_BLOB",
			"type": "LinkedServiceReference"
		},
		"parameters": {
			"desDir": {
				"type": "string"
			},
			"desFilename": {
				"type": "string"
			}
		},
		"annotations": [],
		"type": "Json",
		"typeProperties": {
			"location": {
				"type": "AzureBlobStorageLocation",
				"fileName": {
					"value": "@concat(dataset().desFilename,'.gz')",
					"type": "Expression"
				},
				"folderPath": {
					"value": "@dataset().desDir",
					"type": "Expression"
				},
				"container": "default"
			},
			"compression": {
				"type": "gzip"
			}
		},
		"schema": {}
	}
}