{
	"name": "SRC_REST",
	"properties": {
		"linkedServiceName": {
			"referenceName": "LS_REST",
			"type": "LinkedServiceReference",
			"parameters": {
				"baseUrl": {
					"value": "@dataset().baseUrl",
					"type": "Expression"
				}
			}
		},
		"parameters": {
			"baseUrl": {
				"type": "string"
			},
			"relativeUrl": {
				"type": "string"
			}
		},
		"annotations": [],
		"type": "RestResource",
		"typeProperties": {
			"relativeUrl": {
				"value": "@dataset().relativeUrl",
				"type": "Expression"
			}
		},
		"schema": []
	}
}