{
	"name": "SRC_BLOB_DF",
	"properties": {
		"linkedServiceName": {
			"referenceName": "LS_BLOB",
			"type": "LinkedServiceReference"
		},
		"annotations": [],
		"type": "Json",
		"typeProperties": {
			"location": {
				"type": "AzureBlobStorageLocation",
				"container": "default"
			}
		},
		"schema": {
			"type": "object",
			"properties": {
				"developers": {
					"type": "array",
					"items": {
						"type": "object",
						"properties": {
							"developer": {
								"type": "object",
								"properties": {
									"email": {
										"type": "string"
									},
									"status": {
										"type": "string"
									},
									"company": {
										"type": "string"
									},
									"team": {
										"type": "string"
									},
									"tags": {
										"type": "array",
										"items": {
											"type": "string"
										}
									},
									"roles": {
										"type": "array",
										"items": {
											"type": "string"
										}
									},
									"name": {
										"type": "string"
									},
									"member_since": {
										"type": "string"
									},
									"last_logged_in": {
										"type": "string"
									}
								}
							},
							"languages": {
								"type": "array",
								"items": {
									"type": "object",
									"properties": {
										"name": {
											"type": "string"
										},
										"language_progress": {
											"type": "integer"
										},
										"realms": {
											"type": "array",
											"items": {
												"type": "object",
												"properties": {
													"name": {
														"type": "string"
													},
													"realm_progress": {
														"type": "integer"
													},
													"levels": {
														"type": "array",
														"items": {
															"type": "object",
															"properties": {
																"name": {
																	"type": "string"
																},
																"level_progress": {
																	"type": "integer"
																},
																"quests": {
																	"type": "array",
																	"items": {
																		"type": "object",
																		"properties": {
																			"name": {
																				"type": "string"
																			},
																			"quest_progress": {
																				"type": "integer"
																			}
																		}
																	}
																}
															}
														}
													}
												}
											}
										}
									}
								}
							}
						}
					}
				},
				"links": {
					"type": "object",
					"properties": {
						"next_page": {
							"type": "integer"
						},
						"results_per_page": {
							"type": "integer"
						},
						"current_page": {
							"type": "integer"
						},
						"total_pages": {
							"type": "integer"
						},
						"total_results": {
							"type": "integer"
						},
						"prev_page": {
							"type": "integer"
						}
					}
				}
			}
		}
	}
}