{
	"name": "Load_Users",
	"properties": {
		"activities": [
			{
				"name": "Merge",
				"type": "Copy",
				"dependsOn": [
					{
						"activity": "ForEachPages",
						"dependencyConditions": [
							"Succeeded"
						]
					}
				],
				"policy": {
					"timeout": "7.00:00:00",
					"retry": 5,
					"retryIntervalInSeconds": 90,
					"secureOutput": false,
					"secureInput": false
				},
				"userProperties": [],
				"typeProperties": {
					"source": {
						"type": "JsonSource",
						"storeSettings": {
							"type": "AzureBlobStorageReadSettings",
							"recursive": true,
							"wildcardFolderPath": {
								"value": "@pipeline().parameters.desDateTime",
								"type": "Expression"
							},
							"wildcardFileName": "*-users.json",
							"enablePartitionDiscovery": false
						},
						"formatSettings": {
							"type": "JsonReadSettings"
						}
					},
					"sink": {
						"type": "JsonSink",
						"storeSettings": {
							"type": "AzureBlobStorageWriteSettings",
							"copyBehavior": "MergeFiles"
						},
						"formatSettings": {
							"type": "JsonWriteSettings",
							"filePattern": "arrayOfObjects"
						}
					},
					"enableStaging": false
				},
				"inputs": [
					{
						"referenceName": "DEST_BLOB",
						"type": "DatasetReference",
						"parameters": {
							"desDir": {
								"value": "@pipeline().parameters.desDateTime",
								"type": "Expression"
							},
							"desFilename": {
								"value": "@concat('1','-users.json')",
								"type": "Expression"
							}
						}
					}
				],
				"outputs": [
					{
						"referenceName": "DEST_BLOB_ZIP",
						"type": "DatasetReference",
						"parameters": {
							"desDir": {
								"value": "@pipeline().parameters.desDateTime",
								"type": "Expression"
							},
							"desFilename": "users.json"
						}
					}
				]
			},
			{
				"name": "Delete",
				"type": "Delete",
				"dependsOn": [
					{
						"activity": "Merge",
						"dependencyConditions": [
							"Succeeded"
						]
					}
				],
				"policy": {
					"timeout": "7.00:00:00",
					"retry": 5,
					"retryIntervalInSeconds": 90,
					"secureOutput": false,
					"secureInput": false
				},
				"userProperties": [],
				"typeProperties": {
					"dataset": {
						"referenceName": "DEST_BLOB",
						"type": "DatasetReference",
						"parameters": {
							"desDir": {
								"value": "@pipeline().parameters.desDateTime",
								"type": "Expression"
							},
							"desFilename": {
								"value": "@concat('1-users.json')",
								"type": "Expression"
							}
						}
					},
					"enableLogging": false,
					"storeSettings": {
						"type": "AzureBlobStorageReadSettings",
						"recursive": true,
						"wildcardFileName": "*-users.json",
						"enablePartitionDiscovery": false
					}
				}
			},
			{
				"name": "Set TotalPages",
				"type": "SetVariable",
				"dependsOn": [
					{
						"activity": "LookupTotalPage",
						"dependencyConditions": [
							"Succeeded"
						]
					}
				],
				"userProperties": [],
				"typeProperties": {
					"variableName": "TotalPages",
					"value": {
						"value": "@range(1,activity('LookupTotalPage').output.value[0].links.total_pages)",
						"type": "Expression"
					}
				}
			},
			{
				"name": "GetTotalPages",
				"type": "Copy",
				"dependsOn": [
					{
						"activity": "Secrets",
						"dependencyConditions": [
							"Succeeded"
						]
					}
				],
				"policy": {
					"timeout": "7.00:00:00",
					"retry": 30,
					"retryIntervalInSeconds": 150,
					"secureOutput": false,
					"secureInput": true
				},
				"userProperties": [],
				"typeProperties": {
					"source": {
						"type": "RestSource",
						"httpRequestTimeout": "00:01:40",
						"requestInterval": "00.00:00:00.010",
						"requestMethod": "GET",
						"additionalHeaders": {
							"X-API-Key": {
								"value": "@json(activity('Secrets').output.value).Key",
								"type": "Expression"
							}
						}
					},
					"sink": {
						"type": "JsonSink",
						"storeSettings": {
							"type": "AzureBlobStorageWriteSettings"
						},
						"formatSettings": {
							"type": "JsonWriteSettings"
						}
					},
					"enableStaging": false,
					"translator": {
						"type": "TabularTranslator",
						"mappings": [
							{
								"source": {
									"path": "$['links']['results_per_page']"
								},
								"sink": {
									"path": "$['links']['results_per_page']"
								}
							},
							{
								"source": {
									"path": "$['links']['total_pages']"
								},
								"sink": {
									"path": "$['links']['total_pages']"
								}
							},
							{
								"source": {
									"path": "$['links']['total_results']"
								},
								"sink": {
									"path": "$['links']['total_results']"
								}
							},
							{
								"source": {
									"path": "$['links']['next_page']"
								},
								"sink": {
									"path": "$['links']['next_page']"
								}
							},
							{
								"source": {
									"path": "$['request-id']"
								},
								"sink": {
									"path": "$['request-id']"
								}
							}
						]
					}
				},
				"inputs": [
					{
						"referenceName": "SRC_REST",
						"type": "DatasetReference",
						"parameters": {
							"baseUrl": {
								"value": "@pipeline().globalParameters.baseURL",
								"type": "Expression"
							},
							"relativeUrl": {
								"value": "@concat('users?page=1','&fields=email,role,name,status,tags,team.name,preferredDevLanguages,invite-date,last-login-date')",
								"type": "Expression"
							}
						}
					}
				],
				"outputs": [
					{
						"referenceName": "DEST_BLOB",
						"type": "DatasetReference",
						"parameters": {
							"desDir": {
								"value": "@pipeline().parameters.desDateTime",
								"type": "Expression"
							},
							"desFilename": {
								"value": "@concat('1_users.json')",
								"type": "Expression"
							}
						}
					}
				]
			},
			{
				"name": "LookupTotalPage",
				"type": "Lookup",
				"dependsOn": [
					{
						"activity": "GetTotalPages",
						"dependencyConditions": [
							"Succeeded"
						]
					}
				],
				"policy": {
					"timeout": "7.00:00:00",
					"retry": 5,
					"retryIntervalInSeconds": 90,
					"secureOutput": false,
					"secureInput": false
				},
				"userProperties": [],
				"typeProperties": {
					"source": {
						"type": "JsonSource",
						"storeSettings": {
							"type": "AzureBlobStorageReadSettings",
							"recursive": true,
							"enablePartitionDiscovery": false
						},
						"formatSettings": {
							"type": "JsonReadSettings"
						}
					},
					"dataset": {
						"referenceName": "DEST_BLOB",
						"type": "DatasetReference",
						"parameters": {
							"desDir": {
								"value": "@pipeline().parameters.desDateTime",
								"type": "Expression"
							},
							"desFilename": {
								"value": "@concat('1_users.json')",
								"type": "Expression"
							}
						}
					},
					"firstRowOnly": false
				}
			},
			{
				"name": "ForEachPages",
				"type": "ForEach",
				"dependsOn": [
					{
						"activity": "Set TotalPages",
						"dependencyConditions": [
							"Succeeded"
						]
					}
				],
				"userProperties": [],
				"typeProperties": {
					"items": {
						"value": "@variables('TotalPages')",
						"type": "Expression"
					},
					"batchCount": 10,
					"activities": [
						{
							"name": "GetUsers",
							"type": "Copy",
							"dependsOn": [],
							"policy": {
								"timeout": "7.00:00:00",
								"retry": 30,
								"retryIntervalInSeconds": 150,
								"secureOutput": false,
								"secureInput": true
							},
							"userProperties": [],
							"typeProperties": {
								"source": {
									"type": "RestSource",
									"httpRequestTimeout": "00:01:40",
									"requestInterval": "00.00:00:00.010",
									"requestMethod": "GET",
									"additionalHeaders": {
										"X-API-Key": {
											"value": "@json(activity('Secrets').output.value).Key",
											"type": "Expression"
										}
									}
								},
								"sink": {
									"type": "JsonSink",
									"storeSettings": {
										"type": "AzureBlobStorageWriteSettings"
									},
									"formatSettings": {
										"type": "JsonWriteSettings"
									}
								},
								"enableStaging": false
							},
							"inputs": [
								{
									"referenceName": "SRC_REST",
									"type": "DatasetReference",
									"parameters": {
										"baseUrl": {
											"value": "@pipeline().globalParameters.baseURL",
											"type": "Expression"
										},
										"relativeUrl": {
											"value": "@concat('users?page=',item(),'&fields=email,role,name,status,tags,team.name,preferredDevLanguages,invite-date,last-login-date')",
											"type": "Expression"
										}
									}
								}
							],
							"outputs": [
								{
									"referenceName": "DEST_BLOB",
									"type": "DatasetReference",
									"parameters": {
										"desDir": {
											"value": "@pipeline().parameters.desDateTime",
											"type": "Expression"
										},
										"desFilename": {
											"value": "@concat(item(),'-users.json')",
											"type": "Expression"
										}
									}
								}
							]
						}
					]
				}
			},
			{
				"name": "Delete1",
				"type": "Delete",
				"dependsOn": [
					{
						"activity": "LookupTotalPage",
						"dependencyConditions": [
							"Succeeded"
						]
					}
				],
				"policy": {
					"timeout": "7.00:00:00",
					"retry": 5,
					"retryIntervalInSeconds": 90,
					"secureOutput": false,
					"secureInput": false
				},
				"userProperties": [],
				"typeProperties": {
					"dataset": {
						"referenceName": "DEST_BLOB",
						"type": "DatasetReference",
						"parameters": {
							"desDir": {
								"value": "@pipeline().parameters.desDateTime",
								"type": "Expression"
							},
							"desFilename": {
								"value": "@concat('1_users.json')",
								"type": "Expression"
							}
						}
					},
					"enableLogging": false,
					"storeSettings": {
						"type": "AzureBlobStorageReadSettings",
						"recursive": true,
						"enablePartitionDiscovery": false
					}
				}
			},
			{
				"name": "Secrets",
				"type": "WebActivity",
				"dependsOn": [],
				"policy": {
					"timeout": "7.00:00:00",
					"retry": 5,
					"retryIntervalInSeconds": 90,
					"secureOutput": true,
					"secureInput": false
				},
				"userProperties": [],
				"typeProperties": {
					"url": {
						"value": "@pipeline().globalParameters.akvEndpoint",
						"type": "Expression"
					},
					"connectVia": {
						"referenceName": "AutoResolveIntegrationRuntime",
						"type": "IntegrationRuntimeReference"
					},
					"method": "GET",
					"authentication": {
						"type": "MSI",
						"resource": "https://vault.azure.net"
					}
				}
			}
		],
		"parameters": {
			"desDateTime": {
				"type": "string"
			}
		},
		"variables": {
			"TotalPages": {
				"type": "Array"
			}
		},
		"annotations": []
	}
}