{
	"name": "Load_Assessments_Attempts",
	"properties": {
		"activities": [
			{
				"name": "Set TotalPages",
				"type": "SetVariable",
				"dependsOn": [
					{
						"activity": "LookupAttemptsLookup",
						"dependencyConditions": [
							"Succeeded"
						]
					}
				],
				"userProperties": [],
				"typeProperties": {
					"variableName": "TotalPages",
					"value": {
						"value": "@range(1,activity('LookupAttemptsLookup').output.value[0].links.total_pages)",
						"type": "Expression"
					}
				}
			},
			{
				"name": "Merge",
				"type": "Copy",
				"dependsOn": [
					{
						"activity": "ForEachPage",
						"dependencyConditions": [
							"Succeeded"
						]
					}
				],
				"policy": {
					"timeout": "7.00:00:00",
					"retry": 5,
					"retryIntervalInSeconds": 90,
					"secureOutput": false,
					"secureInput": false
				},
				"userProperties": [],
				"typeProperties": {
					"source": {
						"type": "JsonSource",
						"storeSettings": {
							"type": "AzureBlobStorageReadSettings",
							"recursive": true,
							"wildcardFolderPath": {
								"value": "@concat(pipeline().parameters.srcDir,'/assessments/attempts/',pipeline().parameters.ID)",
								"type": "Expression"
							},
							"wildcardFileName": {
								"value": "*",
								"type": "Expression"
							},
							"enablePartitionDiscovery": false
						},
						"formatSettings": {
							"type": "JsonReadSettings"
						}
					},
					"sink": {
						"type": "JsonSink",
						"storeSettings": {
							"type": "AzureBlobStorageWriteSettings",
							"copyBehavior": "MergeFiles"
						},
						"formatSettings": {
							"type": "JsonWriteSettings",
							"filePattern": "arrayOfObjects"
						}
					},
					"enableStaging": false
				},
				"inputs": [
					{
						"referenceName": "DEST_BLOB",
						"type": "DatasetReference",
						"parameters": {
							"desDir": {
								"value": "@concat(pipeline().parameters.srcDir,'/assessments/attempts/',pipeline().parameters.ID)",
								"type": "Expression"
							},
							"desFilename": {
								"value": "@concat('1-',pipeline().parameters.ID,'-assessmentid.json')",
								"type": "Expression"
							}
						}
					}
				],
				"outputs": [
					{
						"referenceName": "DEST_BLOB",
						"type": "DatasetReference",
						"parameters": {
							"desDir": {
								"value": "@concat(pipeline().parameters.srcDir,'/assessments')",
								"type": "Expression"
							},
							"desFilename": {
								"value": "@concat(pipeline().parameters.ID,'-assessmentid.json')",
								"type": "Expression"
							}
						}
					}
				]
			},
			{
				"name": "Delete",
				"type": "Delete",
				"dependsOn": [
					{
						"activity": "Merge",
						"dependencyConditions": [
							"Succeeded"
						]
					}
				],
				"policy": {
					"timeout": "7.00:00:00",
					"retry": 5,
					"retryIntervalInSeconds": 90,
					"secureOutput": false,
					"secureInput": false
				},
				"userProperties": [],
				"typeProperties": {
					"dataset": {
						"referenceName": "DEST_BLOB",
						"type": "DatasetReference",
						"parameters": {
							"desDir": {
								"value": "@concat(pipeline().parameters.srcDir,'/assessments/attempts/',pipeline().parameters.ID)",
								"type": "Expression"
							},
							"desFilename": {
								"value": "@concat('1-',pipeline().parameters.ID,'-assessmentid.json')",
								"type": "Expression"
							}
						}
					},
					"enableLogging": false,
					"storeSettings": {
						"type": "AzureBlobStorageReadSettings",
						"recursive": true,
						"wildcardFileName": "*",
						"enablePartitionDiscovery": false
					}
				}
			},
			{
				"name": "GetAttemptsTotalPages",
				"type": "Copy",
				"dependsOn": [
					{
						"activity": "Secrets",
						"dependencyConditions": [
							"Succeeded"
						]
					}
				],
				"policy": {
					"timeout": "7.00:00:00",
					"retry": 30,
					"retryIntervalInSeconds": 150,
					"secureOutput": false,
					"secureInput": true
				},
				"userProperties": [],
				"typeProperties": {
					"source": {
						"type": "RestSource",
						"httpRequestTimeout": "00:03:00",
						"requestInterval": "00.00:00:00.010",
						"requestMethod": "GET",
						"additionalHeaders": {
							"X-API-Key": {
								"value": "@json(activity('Secrets').output.value).Key",
								"type": "Expression"
							}
						}
					},
					"sink": {
						"type": "JsonSink",
						"storeSettings": {
							"type": "AzureBlobStorageWriteSettings"
						},
						"formatSettings": {
							"type": "JsonWriteSettings"
						}
					},
					"enableStaging": false,
					"translator": {
						"type": "TabularTranslator",
						"mappings": [
							{
								"source": {
									"path": "$['links']['total_pages']"
								},
								"sink": {
									"path": "$['links']['total_pages']"
								}
							},
							{
								"source": {
									"path": "$['links']['total_results']"
								},
								"sink": {
									"path": "$['links']['total_results']"
								}
							},
							{
								"source": {
									"path": "$['links']['results_per_page']"
								},
								"sink": {
									"path": "$['links']['results_per_page']"
								}
							},
							{
								"source": {
									"path": "$['links']['current_page']"
								},
								"sink": {
									"path": "$['links']['current_page']"
								}
							}
						]
					}
				},
				"inputs": [
					{
						"referenceName": "SRC_REST",
						"type": "DatasetReference",
						"parameters": {
							"baseUrl": {
								"value": "@pipeline().globalParameters.baseURL",
								"type": "Expression"
							},
							"relativeUrl": {
								"value": "@concat('assessments/',pipeline().parameters.ID,'/attempts?page=1')",
								"type": "Expression"
							}
						}
					}
				],
				"outputs": [
					{
						"referenceName": "DEST_BLOB",
						"type": "DatasetReference",
						"parameters": {
							"desDir": {
								"value": "@concat(pipeline().parameters.srcDir,'/assessments/attempts/',pipeline().parameters.ID)",
								"type": "Expression"
							},
							"desFilename": {
								"value": "@concat(pipeline().parameters.srcDir,'-1-',pipeline().parameters.ID,'-assessmentid.json')",
								"type": "Expression"
							}
						}
					}
				]
			},
			{
				"name": "LookupAttemptsLookup",
				"type": "Lookup",
				"dependsOn": [
					{
						"activity": "GetAttemptsTotalPages",
						"dependencyConditions": [
							"Succeeded"
						]
					}
				],
				"policy": {
					"timeout": "7.00:00:00",
					"retry": 5,
					"retryIntervalInSeconds": 90,
					"secureOutput": false,
					"secureInput": false
				},
				"userProperties": [],
				"typeProperties": {
					"source": {
						"type": "JsonSource",
						"storeSettings": {
							"type": "AzureBlobStorageReadSettings",
							"recursive": true,
							"enablePartitionDiscovery": false
						},
						"formatSettings": {
							"type": "JsonReadSettings"
						}
					},
					"dataset": {
						"referenceName": "DEST_BLOB",
						"type": "DatasetReference",
						"parameters": {
							"desDir": {
								"value": "@concat(pipeline().parameters.srcDir,'/assessments/attempts/',pipeline().parameters.ID)",
								"type": "Expression"
							},
							"desFilename": {
								"value": "@concat(pipeline().parameters.srcDir,'-1-',pipeline().parameters.ID,'-assessmentid.json')",
								"type": "Expression"
							}
						}
					},
					"firstRowOnly": false
				}
			},
			{
				"name": "ForEachPage",
				"type": "ForEach",
				"dependsOn": [
					{
						"activity": "Set TotalPages",
						"dependencyConditions": [
							"Succeeded"
						]
					}
				],
				"userProperties": [],
				"typeProperties": {
					"items": {
						"value": "@variables('TotalPages')",
						"type": "Expression"
					},
					"activities": [
						{
							"name": "GetAssessmentsID",
							"type": "Copy",
							"dependsOn": [],
							"policy": {
								"timeout": "7.00:00:00",
								"retry": 30,
								"retryIntervalInSeconds": 150,
								"secureOutput": false,
								"secureInput": true
							},
							"userProperties": [],
							"typeProperties": {
								"source": {
									"type": "RestSource",
									"httpRequestTimeout": "00:03:00",
									"requestInterval": "00.00:00:00.010",
									"requestMethod": "GET",
									"additionalHeaders": {
										"X-API-Key": {
											"value": "@json(activity('Secrets').output.value).Key",
											"type": "Expression"
										}
									}
								},
								"sink": {
									"type": "JsonSink",
									"storeSettings": {
										"type": "AzureBlobStorageWriteSettings"
									},
									"formatSettings": {
										"type": "JsonWriteSettings"
									}
								},
								"enableStaging": false
							},
							"inputs": [
								{
									"referenceName": "SRC_REST",
									"type": "DatasetReference",
									"parameters": {
										"baseUrl": {
											"value": "@pipeline().globalParameters.baseURL",
											"type": "Expression"
										},
										"relativeUrl": {
											"value": "@concat('assessments/',pipeline().parameters.ID,'/attempts?page=',item())",
											"type": "Expression"
										}
									}
								}
							],
							"outputs": [
								{
									"referenceName": "DEST_BLOB",
									"type": "DatasetReference",
									"parameters": {
										"desDir": {
											"value": "@concat(pipeline().parameters.srcDir,'/assessments/attempts/',pipeline().parameters.ID)",
											"type": "Expression"
										},
										"desFilename": {
											"value": "@concat(item(),'-',pipeline().parameters.ID,'-assessmentid.json')",
											"type": "Expression"
										}
									}
								}
							]
						}
					]
				}
			},
			{
				"name": "Secrets",
				"type": "WebActivity",
				"dependsOn": [],
				"policy": {
					"timeout": "7.00:00:00",
					"retry": 5,
					"retryIntervalInSeconds": 90,
					"secureOutput": true,
					"secureInput": false
				},
				"userProperties": [],
				"typeProperties": {
					"url": {
						"value": "@pipeline().globalParameters.akvEndpoint",
						"type": "Expression"
					},
					"connectVia": {
						"referenceName": "AutoResolveIntegrationRuntime",
						"type": "IntegrationRuntimeReference"
					},
					"method": "GET",
					"authentication": {
						"type": "MSI",
						"resource": "https://vault.azure.net"
					}
				}
			}
		],
		"parameters": {
			"ID": {
				"type": "string"
			},
			"baseUrl": {
				"type": "string"
			},
			"srcDir": {
				"type": "string"
			}
		},
		"variables": {
			"TotalPages": {
				"type": "Array"
			}
		},
		"annotations": []
	}
}