{
	"name": "Load",
	"properties": {
		"activities": [
			{
				"name": "Set DEST",
				"type": "SetVariable",
				"dependsOn": [],
				"userProperties": [],
				"typeProperties": {
					"variableName": "destDateTime",
					"value": {
						"value": "@concat(formatDateTime(pipeline().TriggerTime, 'yyyyMMddHHmm'),'/',\nstring(div(sub(ticks(pipeline().TriggerTime), ticks('1970-01-01')),10000000)))",
						"type": "Expression"
					}
				}
			},
			{
				"name": "Execute LoadUsers",
				"type": "ExecutePipeline",
				"dependsOn": [
					{
						"activity": "Set DEST",
						"dependencyConditions": [
							"Succeeded"
						]
					}
				],
				"userProperties": [],
				"typeProperties": {
					"pipeline": {
						"referenceName": "Load_Users",
						"type": "PipelineReference"
					},
					"waitOnCompletion": true,
					"parameters": {
						"desDateTime": {
							"value": "@variables('destDateTime')",
							"type": "Expression"
						}
					}
				}
			},
			{
				"name": "Execute LoadDevelopersProgress",
				"type": "ExecutePipeline",
				"dependsOn": [
					{
						"activity": "Set DEST",
						"dependencyConditions": [
							"Succeeded"
						]
					}
				],
				"userProperties": [],
				"typeProperties": {
					"pipeline": {
						"referenceName": "Load_Developers_Progress",
						"type": "PipelineReference"
					},
					"waitOnCompletion": true,
					"parameters": {
						"desDateTime": {
							"value": "@variables('destDateTime')",
							"type": "Expression"
						}
					}
				}
			},
			{
				"name": "Execute LoadDevelopersActivity",
				"type": "ExecutePipeline",
				"dependsOn": [
					{
						"activity": "Set DEST",
						"dependencyConditions": [
							"Succeeded"
						]
					}
				],
				"userProperties": [],
				"typeProperties": {
					"pipeline": {
						"referenceName": "Load_Developers_Activity",
						"type": "PipelineReference"
					},
					"waitOnCompletion": true,
					"parameters": {
						"desDateTime": {
							"value": "@variables('destDateTime')",
							"type": "Expression"
						}
					}
				}
			},
			{
				"name": "Execute LoadAssessments",
				"type": "ExecutePipeline",
				"dependsOn": [
					{
						"activity": "Set DEST",
						"dependencyConditions": [
							"Succeeded"
						]
					}
				],
				"userProperties": [],
				"typeProperties": {
					"pipeline": {
						"referenceName": "Load_Assessments",
						"type": "PipelineReference"
					},
					"waitOnCompletion": true,
					"parameters": {
						"desDateTime": {
							"value": "@variables('destDateTime')",
							"type": "Expression"
						}
					}
				}
			},
			{
				"name": "Copy ON_SUCCESS",
				"type": "Copy",
				"dependsOn": [
					{
						"activity": "Execute LoadUsers",
						"dependencyConditions": [
							"Succeeded"
						]
					},
					{
						"activity": "Execute LoadDevelopersProgress",
						"dependencyConditions": [
							"Succeeded"
						]
					},
					{
						"activity": "Execute LoadDevelopersActivity",
						"dependencyConditions": [
							"Succeeded"
						]
					},
					{
						"activity": "Execute LoadAssessments",
						"dependencyConditions": [
							"Succeeded"
						]
					}
				],
				"policy": {
					"timeout": "7.00:00:00",
					"retry": 5,
					"retryIntervalInSeconds": 90,
					"secureOutput": false,
					"secureInput": false
				},
				"userProperties": [],
				"typeProperties": {
					"source": {
						"type": "JsonSource",
						"additionalColumns": [
							{
								"name": "ediLastChildActivityId",
								"value": {
									"value": "@string('')",
									"type": "Expression"
								}
							},
							{
								"name": "ediFeedName",
								"value": {
									"value": "@concat(pipeline().DataFactory,'-',pipeline().Pipeline)",
									"type": "Expression"
								}
							},
							{
								"name": "ediFeedRunStartDtTime",
								"value": {
									"value": "@formatdatetime(pipeline().TriggerTime,'yyyy-MM-ddTHH:mm:ss:fffffffK')",
									"type": "Expression"
								}
							},
							{
								"name": "ediFeedRunEndDtTime",
								"value": {
									"value": "@formatdatetime(utcnow(),'yyyy-MM-ddTHH:mm:ss:fffffffK')",
									"type": "Expression"
								}
							},
							{
								"name": "ediFilesWritten",
								"value": {
									"value": "@string('')",
									"type": "Expression"
								}
							},
							{
								"name": "ediTriggerName",
								"value": {
									"value": "@pipeline().TriggerName",
									"type": "Expression"
								}
							},
							{
								"name": "ediTriggerType",
								"value": {
									"value": "@pipeline().TriggerType",
									"type": "Expression"
								}
							},
							{
								"name": "ediTriggerId",
								"value": {
									"value": "@pipeline().TriggerId",
									"type": "Expression"
								}
							},
							{
								"name": "ediFirstParentPipelineId",
								"value": {
									"value": "@pipeline().RunId",
									"type": "Expression"
								}
							},
							{
								"name": "ediDestinationPath",
								"value": {
									"value": "@variables('destDateTime')",
									"type": "Expression"
								}
							}
						],
						"storeSettings": {
							"type": "AzureBlobStorageReadSettings",
							"recursive": true,
							"enablePartitionDiscovery": false
						},
						"formatSettings": {
							"type": "JsonReadSettings"
						}
					},
					"sink": {
						"type": "JsonSink",
						"storeSettings": {
							"type": "AzureBlobStorageWriteSettings"
						},
						"formatSettings": {
							"type": "JsonWriteSettings"
						}
					},
					"enableStaging": false
				},
				"inputs": [
					{
						"referenceName": "ON_SUCCESS",
						"type": "DatasetReference"
					}
				],
				"outputs": [
					{
						"referenceName": "DEST_BLOB",
						"type": "DatasetReference",
						"parameters": {
							"desDir": {
								"value": "@variables('destDateTime')",
								"type": "Expression"
							},
							"desFilename": "EDISTG_SUCCESS.json"
						}
					}
				]
			}
		],
		"variables": {
			"destDateTime": {
				"type": "String"
			}
		},
		"annotations": []
	}
}