{
  "IsEncrypted": false,
  "Values": {
    "FUNCTIONS_WORKER_RUNTIME": "python",
    "isLocal": "True",
    "DATASOURCE_STORAGE_URL": "DefaultEndpointsProtocol=http;AccountName=devstoreaccount1;AccountKey=Eby8vdM02xNOcqFlqUwJPLlmEtlCDXJ1OUzFT50uSRZ6IFsuFq2UVErCz4I6tq/K1SZFPTOtr/KBHBeksoGMGw==;BlobEndpoint=http://127.0.0.1:10000/devstoreaccount1;QueueEndpoint=http://127.0.0.1:10001/devstoreaccount1;TableEndpoint=http://127.0.0.1:10002/devstoreaccount1;",
    "AzureWebJobsStorage": "DefaultEndpointsProtocol=https;AccountName=jrcicddev;AccountKey=+wgu+hjQ0YycW8T+NHXWYLih48XFG/7Z3TCpKCrj+EUnCKJShWVTXCJclCSgjgsGLaXe8NEV5fW/7sOXccHD0Q==;EndpointSuffix=core.windows.net"
  }
}
