{
  "IsEncrypted": false,
  "Values": {
    "FUNCTIONS_WORKER_RUNTIME": "python",
    "DATASOURCE_STORAGE_URL": "DefaultEndpointsProtocol=http;AccountName=devstoreaccount1;AccountKey=Eby8vdM02xNOcqFlqUwJPLlmEtlCDXJ1OUzFT50uSRZ6IFsuFq2UVErCz4I6tq/K1SZFPTOtr/KBHBeksoGMGw==;BlobEndpoint=http://127.0.0.1:10000/devstoreaccount1;QueueEndpoint=http://127.0.0.1:10001/devstoreaccount1;TableEndpoint=http://127.0.0.1:10002/devstoreaccount1;",
    "token": "9829da13bcec26f2",
    "key": "N1uwfL8lkYMvaDSRYoYZVAs3MRa87INX",
    "credentials": "",
    "isLocal": "true",
    "AzureWebJobsStorage": "UseDevelopmentStorage=true"
  }
}
