{
	"name": "Parse Assessments",
	"properties": {
		"type": "MappingDataFlow",
		"typeProperties": {
			"sources": [
				{
					"dataset": {
						"referenceName": "SRC_BLOB_DF",
						"type": "DatasetReference"
					},
					"name": "Assessments"
				}
			],
			"sinks": [
				{
					"dataset": {
						"referenceName": "SRC_BLOB_DF",
						"type": "DatasetReference"
					},
					"name": "CopyID"
				}
			],
			"transformations": [
				{
					"name": "Flatten1"
				},
				{
					"name": "Aggregate1"
				},
				{
					"name": "Filter1"
				}
			],
			"script": "parameters{\n\tsrcFile as string,\n\tsrcDir as string\n}\nsource(output(\n\t\tassessments as ({_id} as string, description as string, difficulty as string, emits_certificate as boolean, end_date as string, name as string, number_of_challenges as short, retries_allowed as boolean, self_assess as boolean, start_date as string, status as string, success_ratio as short, supported_languages as string[], time_limit as integer, timezone as string)[],\n\t\tlinks as (current_page as boolean, results_per_page as short, total_pages as boolean, total_results as short)\n\t),\n\tallowSchemaDrift: true,\n\tvalidateSchema: false,\n\tignoreNoFilesFound: false,\n\tdocumentForm: 'documentPerLine',\n\twildcardPaths:[($srcDir + '/' + $srcFile)]) ~> Assessments\nAssessments foldDown(unroll(assessments),\n\tmapColumn(\n\t\t{_id} = assessments.{_id},\n\t\tsuccess_ratio = assessments.success_ratio\n\t),\n\tskipDuplicateMapInputs: false,\n\tskipDuplicateMapOutputs: false) ~> Flatten1\nFlatten1 aggregate(groupBy({_id}),\n\tsuccess_ratio = sum(toInteger(success_ratio))) ~> Aggregate1\nAggregate1 filter(length({_id})>1) ~> Filter1\nFilter1 sink(input(\n\t\tdevelopers as (developer as (email as string, status as string, company as string, team as string, tags as string[], roles as string[], name as string, member_since as string, last_logged_in as string), languages as (name as string, language_progress as string, realms as (name as string, realm_progress as string, levels as (name as string, level_progress as string, quests as (name as string, quest_progress as string)[])[])[])[])[],\n\t\tlinks as (next_page as string, results_per_page as string, current_page as string, total_pages as string, total_results as string, prev_page as string)\n\t),\n\tallowSchemaDrift: true,\n\tvalidateSchema: false,\n\tpartitionFileNames:['AssessmentID.json'],\n\tmapColumn(\n\t\t{_id}\n\t),\n\tpartitionBy('hash', 1),\n\tskipDuplicateMapInputs: true,\n\tskipDuplicateMapOutputs: true) ~> CopyID"
		}
	}
}