{
  "IsEncrypted": false,
  "Values": {
    "FUNCTIONS_WORKER_RUNTIME": "python",
    "localAzuriteStorage": "DefaultEndpointsProtocol=http;AccountName=devstoreaccount1;AccountKey=Eby8vdM02xNOcqFlqUwJPLlmEtlCDXJ1OUzFT50uSRZ6IFsuFq2UVErCz4I6tq/K1SZFPTOtr/KBHBeksoGMGw==;BlobEndpoint=http://127.0.0.1:10000/devstoreaccount1;QueueEndpoint=http://127.0.0.1:10001/devstoreaccount1;TableEndpoint=http://127.0.0.1:10002/devstoreaccount1;",
    "url": "https://akab-zouakw63i5dd6sgx-qzjryr7s7mphxudj.luna.akamaiapis.net",
    "contracts": [
      "hsbc_uk",
      "hsbc_ar",
      "hsbc_hk",
      "hsbc_india",
      "hsbc_indonesia",
      "hsbc_mx",
      "hsbc_sabb",
      "hsbc_us"
    ],
    "client_token": "akab-eahm6qxtm6w2qlw6-5sx34xopobjva66c",
    "client_secret": "LmPqIslPfIbsfMmLBU5tTAFHMYEqe9lofy7eEeEpscE=",
    "access_token": "akab-rarj3ndqcorwd7oh-qzkcsfxw7ayjbtlv",
    "isLocal": "true"
  }
}
